state_code,period_start,period_end,period_type,operator_raw,operator_reported,operator_standard,parent_company,channel,sport_category,handle,gross_revenue,standard_ggr,promo_credits,net_revenue,payouts,tax_paid,federal_excise_tax,hold_pct,days_in_period,is_partial_period,data_is_revised,source_file,source_sheet,source_row,source_column,source_page,source_table_index,source_url,source_report_url,source_screenshot,source_raw_line,source_context,scrape_timestamp
NC,2024-06-01,2024-06-30,monthly,ALL,TOTAL,TOTAL,,online,,39825146400,4030226300,4030226300,1645030900,,35794920100,725440700,,0.1011980284898588,30,False,False,NC_2024_06.pdf,,,,1,0,https://ncgaming.gov/wp-content/uploads/2026/04/NCSLC-Sports-Betting-Revenue-Report-June-2024.pdf,https://ncgaming.gov/about/reports,NC/screenshots/NC_2024_06_NC_2024_06_p1.png,"June $381,801,154 $16,450,309 $398,251,464 $3,206,938 $354,742,263 $40,302,263 $7,254,407",,2026-04-26T04:36:03.766567
NC,2025-04-01,2025-04-30,monthly,ALL,TOTAL,TOTAL,,online,,57620937800,4680371200,4680371200,1554294000,,52940566600,842466800,,0.0812269181776489,30,False,False,NC_2025_06.pdf,,,,1,0,https://ncgaming.gov/wp-content/uploads/2026/04/NCSLC-Sports-Betting-Revenue-Report-June-2025.pdf,https://ncgaming.gov/about/reports,NC/screenshots/NC_2025_06_NC_2025_06_p1.png,"April6 $560,666,439 $15,542,940 $576,209,378 $4,092,495 $525,315,718 $46,803,712 $8,424,668",,2026-04-26T04:35:18.644869
NC,2025-02-01,2025-02-28,monthly,ALL,TOTAL,TOTAL,,online,,54340273700,5565891200,5565891200,1743163300,,48774382500,1001860400,,0.1024266316862515,28,False,False,NC_2025_06.pdf,,,,1,0,https://ncgaming.gov/wp-content/uploads/2026/04/NCSLC-Sports-Betting-Revenue-Report-June-2025.pdf,https://ncgaming.gov/about/reports,NC/screenshots/NC_2025_06_NC_2025_06_p1.png,"February $525,971,104 $17,431,633 $543,402,737 $2,550,176 $485,173,703 $55,658,912 $10,018,604",,2026-04-26T04:35:18.644869
NC,2025-01-01,2025-01-31,monthly,ALL,TOTAL,TOTAL,,online,,64694202000,7453013300,7453013300,2364040600,,57241188700,1341542400,,0.1152037287669148,31,False,False,NC_2025_06.pdf,,,,1,0,https://ncgaming.gov/wp-content/uploads/2026/04/NCSLC-Sports-Betting-Revenue-Report-June-2025.pdf,https://ncgaming.gov/about/reports,NC/screenshots/NC_2025_06_NC_2025_06_p1.png,"January $623,301,614 $23,640,406 $646,942,020 $3,917,713 $568,494,173 $74,530,133 $13,415,424",,2026-04-26T04:35:18.644869
NC,2024-12-01,2024-12-31,monthly,ALL,TOTAL,TOTAL,,online,,62952078400,3571787700,3571787700,1637105200,,59380290700,642921800,,0.0567382013553979,31,False,False,NC_2025_06.pdf,,,,1,0,https://ncgaming.gov/wp-content/uploads/2026/04/NCSLC-Sports-Betting-Revenue-Report-June-2025.pdf,https://ncgaming.gov/about/reports,NC/screenshots/NC_2025_06_NC_2025_06_p1.png,"December4 $613,149,731 $16,371,052 $629,520,784 $2,914,734 $590,889,744 $35,717,877 $6,429,218",,2026-04-26T04:35:18.644869
NC,2024-11-01,2024-11-30,monthly,ALL,TOTAL,TOTAL,,online,,65831088300,7805733500,7805733500,1906646000,,58025354800,1405032000,,0.1185721473178197,30,False,False,NC_2025_06.pdf,,,,1,0,https://ncgaming.gov/wp-content/uploads/2026/04/NCSLC-Sports-Betting-Revenue-Report-June-2025.pdf,https://ncgaming.gov/about/reports,NC/screenshots/NC_2025_06_NC_2025_06_p1.png,"November3 $639,244,423 $19,066,460 $658,310,883 $2,777,950 $577,476,657 $78,057,335 $14,050,320",,2026-04-26T04:35:18.644869
NC,2026-04-01,2026-04-30,monthly,ALL,TOTAL,TOTAL,,online,,61249538300,6446493900,6446493900,1802741000,,54803044400,1160368900,,0.10524967336774194,30,False,False,NC_2026_05.pdf,,,,1,0,https://ncgaming.gov/wp-content/uploads/2026/06/NCSLC-Sports-Betting-Revenue-Report-May-2026.pdf,https://ncgaming.gov/about/reports,NC/screenshots/NC_2026_05_NC_2026_05_p1.png,"April $594,467,972 $18,027,410 $612,495,383 $3,544,440 $544,486,003 $64,464,939 $11,603,689",,2026-06-18T15:37:47.419339
NC,2025-03-01,2025-03-31,monthly,ALL,TOTAL,TOTAL,,online,,68500303100,3814036100,3814036100,1794445800,,64686267000,686526500,,0.055679112754174,31,False,False,NC_2025_06.pdf,,,,1,0,https://ncgaming.gov/wp-content/uploads/2026/04/NCSLC-Sports-Betting-Revenue-Report-June-2025.pdf,https://ncgaming.gov/about/reports,NC/screenshots/NC_2025_06_NC_2025_06_p1.png,"March5 $667,058,573 $17,944,458 $685,003,031 $3,211,627 $643,652,689 $38,140,361 $6,865,265",,2026-04-26T04:35:18.644869
NC,2024-10-01,2024-10-31,monthly,ALL,TOTAL,TOTAL,,online,,61465779200,4945047200,4945047200,2303730600,,56520732000,890108500,,0.0804520379365824,31,False,False,NC_2025_06.pdf,,,,1,0,https://ncgaming.gov/wp-content/uploads/2026/04/NCSLC-Sports-Betting-Revenue-Report-June-2025.pdf,https://ncgaming.gov/about/reports,NC/screenshots/NC_2025_06_NC_2025_06_p1.png,"October $591,620,485 $23,037,306 $614,657,792 $2,748,312 $563,459,016 $49,450,472 $8,901,085",,2026-04-26T04:35:18.644869
NC,2025-08-01,2025-08-31,monthly,ALL,TOTAL,TOTAL,,online,,47866555200,5411007600,5411007600,1481648800,,42455547600,973981400,,0.1130435975054248,31,False,False,NC_2025_10.pdf,,,,1,0,https://ncgaming.gov/wp-content/uploads/2026/04/NCSLC-Sports-Betting-Revenue-Report-October-2025.pdf,https://ncgaming.gov/about/reports,NC/screenshots/NC_2025_10_NC_2025_10_p1.png,"August $463,849,063 $14,816,488 $478,665,552 $3,954,364 $420,601,112 $54,110,076 $9,739,814",,2026-04-26T04:35:04.661030
NC,2025-05-01,2025-05-31,monthly,ALL,TOTAL,TOTAL,,online,,56223665200,6522711900,6522711900,1442379600,,49700953300,1174088100,,0.1160136372610585,31,False,False,NC_2025_06.pdf,,,,1,0,https://ncgaming.gov/wp-content/uploads/2026/04/NCSLC-Sports-Betting-Revenue-Report-June-2025.pdf,https://ncgaming.gov/about/reports,NC/screenshots/NC_2025_06_NC_2025_06_p1.png,"May $547,812,855 $14,423,796 $562,236,652 $4,088,804 $492,920,729 $65,227,119 $11,740,881",,2026-04-26T04:35:18.644869
NC,2024-03-01,2024-03-31,monthly,ALL,TOTAL,TOTAL,,online,,65930854100,6649621300,6649621300,20260590900,,59281232800,1196931800,,0.1008575027697085,31,False,False,NC_2024_03.pdf,,,,1,0,https://ncgaming.gov/wp-content/uploads/2026/04/NCSLC-Sports-Betting-Revenue-Report-March-2024.pdf,https://ncgaming.gov/about/reports,NC/screenshots/NC_2024_03_NC_2024_03_p1.png,"March1 $456,702,632 $202,605,909 $659,308,541 $2,062,025 $590,750,303 $66,496,213 $11,969,318",,2026-04-26T04:36:13.460750
NC,2025-07-01,2025-07-31,monthly,ALL,TOTAL,TOTAL,,online,,37038558800,2267999300,2267999300,884409700,,34770559500,408239900,,0.0612334651638767,31,False,False,NC_2026_04.pdf,,,,1,0,https://ncgaming.gov/wp-content/uploads/2026/05/NCSLC-Sports-Betting-Revenue-Report-April-2026.pdf,https://ncgaming.gov/about/reports,NC/screenshots/NC_2026_04_NC_2026_04_p1.png,"July $361,541,492 $8,844,097 $370,385,588 $3,068,631 $344,636,964 $22,679,993 $4,082,399",,2026-05-07T12:16:23.048295
NC,2025-09-01,2025-09-30,monthly,ALL,TOTAL,TOTAL,,online,,68606447100,6676386700,6676386700,3196762300,,61930060400,1201749600,,0.0973142755850419,30,False,False,NC_2026_04.pdf,,,,1,0,https://ncgaming.gov/wp-content/uploads/2026/05/NCSLC-Sports-Betting-Revenue-Report-April-2026.pdf,https://ncgaming.gov/about/reports,NC/screenshots/NC_2026_04_NC_2026_04_p1.png,"September $654,096,849 $31,967,623 $686,064,471 $4,153,147 $615,147,457 $66,763,867 $12,017,496",,2026-05-07T12:16:23.048295
NC,2024-08-01,2024-08-31,monthly,ALL,TOTAL,TOTAL,,online,,37048492500,3374732000,3374732000,1315271600,,33673760500,607451800,,0.0910895902174697,31,False,False,NC_2025_06.pdf,,,,1,0,https://ncgaming.gov/wp-content/uploads/2026/04/NCSLC-Sports-Betting-Revenue-Report-June-2025.pdf,https://ncgaming.gov/about/reports,NC/screenshots/NC_2025_06_NC_2025_06_p1.png,"August $357,332,210 $13,152,716 $370,484,925 $3,025,874 $333,711,731 $33,747,320 $6,074,518",,2026-04-26T04:35:18.644869
NC,2025-10-01,2025-10-31,monthly,ALL,TOTAL,TOTAL,,online,,81143625400,7814563000,7814563000,2712937500,,73329062400,1406621400,,0.0963053223402069,31,False,False,NC_2026_04.pdf,,,,1,0,https://ncgaming.gov/wp-content/uploads/2026/05/NCSLC-Sports-Betting-Revenue-Report-April-2026.pdf,https://ncgaming.gov/about/reports,NC/screenshots/NC_2026_04_NC_2026_04_p1.png,"October $784,306,879 $27,129,375 $811,436,254 $4,324,723 $728,965,901 $78,145,630 $14,066,214",,2026-05-07T12:16:23.048295
NC,2024-07-01,2024-07-31,monthly,ALL,TOTAL,TOTAL,,online,,34037535400,4222604100,4222604100,1240503900,,29814931300,760068700,,0.1240572811861107,31,False,False,NC_2025_06.pdf,,,,1,0,https://ncgaming.gov/wp-content/uploads/2026/04/NCSLC-Sports-Betting-Revenue-Report-June-2025.pdf,https://ncgaming.gov/about/reports,NC/screenshots/NC_2025_06_NC_2025_06_p1.png,"July1 $327,970,314 $12,405,039 $340,375,354 $2,763,137 $295,386,206 $42,226,041 $7,600,687",,2026-04-26T04:35:18.644869
NC,2024-09-01,2024-09-30,monthly,ALL,TOTAL,TOTAL,,online,,57539807800,7006294500,7006294500,3703039000,,50533513300,1261133000,,0.1217643014094322,30,False,False,NC_2025_06.pdf,,,,1,0,https://ncgaming.gov/wp-content/uploads/2026/04/NCSLC-Sports-Betting-Revenue-Report-June-2025.pdf,https://ncgaming.gov/about/reports,NC/screenshots/NC_2025_06_NC_2025_06_p1.png,"September2 $538,367,688 $37,030,390 $575,398,078 $3,775,759 $501,559,590 $70,062,945 $12,611,330",,2026-04-26T04:35:18.644869
NC,2024-05-01,2024-05-31,monthly,ALL,TOTAL,TOTAL,,online,,52554857100,6308034700,6308034700,3094606400,,46246822400,1135446200,,0.1200276253819364,31,False,False,NC_2024_06.pdf,,,,1,0,https://ncgaming.gov/wp-content/uploads/2026/04/NCSLC-Sports-Betting-Revenue-Report-June-2024.pdf,https://ncgaming.gov/about/reports,NC/screenshots/NC_2024_06_NC_2024_06_p1.png,"May $494,602,507 $30,946,064 $525,548,571 $3,800,589 $458,667,635 $63,080,347 $11,354,462",,2026-04-26T04:36:03.766567
NC,2025-06-01,2025-06-30,monthly,ALL,TOTAL,TOTAL,,online,,43318467500,5807130800,5807130800,1245363900,,37511336700,1045283500,,0.1340566999513544,30,False,False,NC_2025_06.pdf,,,,1,0,https://ncgaming.gov/wp-content/uploads/2026/04/NCSLC-Sports-Betting-Revenue-Report-June-2025.pdf,https://ncgaming.gov/about/reports,NC/screenshots/NC_2025_06_NC_2025_06_p1.png,"June $420,731,054 $12,453,639 $433,184,675 $2,930,338 $372,183,030 $58,071,308 $10,452,835",,2026-04-26T04:35:18.644869
NC,2024-04-01,2024-04-30,monthly,ALL,TOTAL,TOTAL,,online,,64893422600,10525167200,10525167200,7965062100,,54368255400,1894530100,,0.1621915870407488,30,False,False,NC_2024_06.pdf,,,,1,0,https://ncgaming.gov/wp-content/uploads/2026/04/NCSLC-Sports-Betting-Revenue-Report-June-2024.pdf,https://ncgaming.gov/about/reports,NC/screenshots/NC_2024_06_NC_2024_06_p1.png,"April $569,283,605 $79,650,621 $648,934,226 $5,280,581 $538,401,972 $105,251,672 $18,945,301",,2026-04-26T04:36:03.766567
NC,2026-03-01,2026-03-31,monthly,ALL,TOTAL,TOTAL,,online,,72617480200,7591863800,7591863800,2080314100,,65025616400,1366535500,,0.1045459547631067,31,False,False,NC_2026_03.pdf,,,,1,0,https://ncgaming.gov/wp-content/uploads/2026/04/NCSLC-Sports-Betting-Revenue-Report-March-2026.pdf,https://ncgaming.gov/about/reports,NC/screenshots/NC_2026_03_NC_2026_03_p1.png,"March $705,371,662 $20,803,141 $726,174,802 $3,655,976 $646,600,188 $75,918,638 $13,665,355",,2026-04-26T04:34:47.549306
NC,2026-02-01,2026-02-28,monthly,ALL,TOTAL,TOTAL,,online,,59613721100,5805833700,5805833700,1445092300,,53807887400,1045050100,,0.0973908958016714,28,False,False,NC_2026_03.pdf,,,,1,0,https://ncgaming.gov/wp-content/uploads/2026/04/NCSLC-Sports-Betting-Revenue-Report-March-2026.pdf,https://ncgaming.gov/about/reports,NC/screenshots/NC_2026_03_NC_2026_03_p1.png,"February $581,686,288 $14,450,923 $596,137,211 $2,862,487 $535,216,387 $58,058,337 $10,450,501",,2026-04-26T04:34:47.549306
NC,2026-01-01,2026-01-31,monthly,ALL,TOTAL,TOTAL,,online,,68692293100,8033876200,8033876200,2021963100,,60658416900,1446097700,,0.1169545495926965,31,False,False,NC_2026_03.pdf,,,,1,0,https://ncgaming.gov/wp-content/uploads/2026/04/NCSLC-Sports-Betting-Revenue-Report-March-2026.pdf,https://ncgaming.gov/about/reports,NC/screenshots/NC_2026_03_NC_2026_03_p1.png,"January $666,703,300 $20,219,631 $686,922,931 $3,577,950 $603,006,218 $80,338,762 $14,460,977",,2026-04-26T04:34:47.549306
NC,2025-12-01,2025-12-31,monthly,ALL,TOTAL,TOTAL,,online,,66590841700,8151451500,8151451500,1478249400,,58439390200,1467261300,,0.1224109996495208,31,False,False,NC_2026_03.pdf,,,,1,0,https://ncgaming.gov/wp-content/uploads/2026/04/NCSLC-Sports-Betting-Revenue-Report-March-2026.pdf,https://ncgaming.gov/about/reports,NC/screenshots/NC_2026_03_NC_2026_03_p1.png,"December2 $651,126,810 $14,782,494 $665,908,417 $3,044,366 $581,350,422 $81,514,515 $14,672,613",,2026-04-26T04:34:47.549306
NC,2025-11-01,2025-11-30,monthly,ALL,TOTAL,TOTAL,,online,,81397374300,9293619900,9293619900,2227792700,,72103754400,1672851600,,0.1141759175885357,30,False,False,NC_2025_11.pdf,,,,1,0,https://ncgaming.gov/wp-content/uploads/2026/04/NCSLC-Sports-Betting-Revenue-Report-November-2025.pdf,https://ncgaming.gov/about/reports,NC/screenshots/NC_2025_11_NC_2025_11_p1.png,"November1 $791,696,333 $22,277,927 $813,973,743 $3,468,893 $717,569,167 $92,936,199 $16,728,516",,2026-04-26T04:35:01.057289
NC,2026-05-01,2026-05-31,monthly,ALL,TOTAL,TOTAL,,online,,57807032500,6431890800,6431890800,1688148100,,51375141700,1157740300,,0.11126484999900314,31,False,False,NC_2026_05.pdf,,,,1,0,https://ncgaming.gov/wp-content/uploads/2026/06/NCSLC-Sports-Betting-Revenue-Report-May-2026.pdf,https://ncgaming.gov/about/reports,NC/screenshots/NC_2026_05_NC_2026_05_p1.png,"May $561,188,844 $16,881,481 $578,070,325 $3,506,708 $510,244,709 $64,318,908 $11,577,403",,2026-06-18T15:37:47.419339
